                  epoch,         train/box_loss,         train/cls_loss,         train/dfl_loss,   metrics/precision(B),      metrics/recall(B),       metrics/mAP50(B),    metrics/mAP50-95(B),           val/box_loss,           val/cls_loss,           val/dfl_loss,                 lr/pg0,                 lr/pg1,                 lr/pg2
                      1,                 2.4759,                 5.2257,                 1.3244,                0.02219,                0.19994,                0.03603,                0.01546,                 1.9244,                 4.1035,                 1.0511,             0.00012173,             0.00012173,             0.00012173
                      2,                 2.0914,                 4.0156,                 1.0723,                0.42925,                0.14034,                0.06916,                0.03591,                 1.8127,                 2.8554,                 1.0635,             0.00024385,             0.00024385,             0.00024385
                      3,                 1.9836,                  3.483,                 1.0358,                0.12583,                0.22232,                0.10562,                0.05341,                 1.7819,                  2.634,                 1.0549,             0.00036475,             0.00036475,             0.00036475
                      4,                 1.9417,                 3.2349,                 1.0488,                0.23557,                 0.2761,                0.14668,                0.08334,                 1.7234,                 2.3326,                 1.0785,             0.00036451,             0.00036451,             0.00036451
                      5,                 1.8656,                 2.9851,                 1.0283,                0.29332,                0.21015,                0.13122,                0.06949,                 1.7602,                 2.3258,                 1.1195,             0.00036267,             0.00036267,             0.00036267
                      6,                 1.8288,                 2.8526,                 1.0258,                0.26373,                0.27459,                0.15192,                0.08463,                 1.6165,                 2.1846,                 1.0464,             0.00036084,             0.00036084,             0.00036084
