                  epoch,         train/box_loss,         train/cls_loss,         train/dfl_loss,   metrics/precision(B),      metrics/recall(B),       metrics/mAP50(B),    metrics/mAP50-95(B),           val/box_loss,           val/cls_loss,           val/dfl_loss,                 lr/pg0,                 lr/pg1,                 lr/pg2
                      1,                  3.038,                 5.5477,                 1.4143,                      0,                      0,                      0,                      0,                 2.4103,                 4.9423,                 1.2428,              0.0001073,              0.0001073,              0.0001073
                      2,                 2.4944,                 4.7024,                 1.1044,                 0.0474,                0.17393,                0.04817,                 0.0208,                 2.2603,                  4.325,                 1.0876,             0.00021722,             0.00021722,             0.00021722
                      3,                 2.3984,                 4.1192,                 1.0577,                0.02812,                0.30223,                0.05748,                0.02467,                 2.3712,                 3.6444,                 1.0894,             0.00032604,             0.00032604,             0.00032604
                      4,                 2.3075,                 3.6711,                 1.0359,                 0.3801,                0.10409,                0.06448,                0.02942,                 2.1348,                 3.3669,                 1.0698,             0.00036451,             0.00036451,             0.00036451
